frame,t_s,min_z,mean_z,v_max
0,0.000000,0.100001,0.299974,0.000000
1,0.000200,0.100000,0.299973,0.001960
2,0.000400,0.100000,0.299973,0.003920
3,0.000600,0.099999,0.299972,0.005880
4,0.000800,0.099997,0.299971,0.007840
5,0.001000,0.099996,0.299969,0.009800
6,0.001200,0.099993,0.299967,0.011760
7,0.001400,0.099991,0.299964,0.013720
8,0.001600,0.099988,0.299961,0.015680
9,0.001800,0.099985,0.299958,0.017640
10,0.002000,0.099981,0.299954,0.019600
11,0.002200,0.099977,0.299950,0.021560
12,0.002400,0.099972,0.299945,0.023520
13,0.002600,0.099967,0.299940,0.025480
14,0.002800,0.099962,0.299935,0.027440
15,0.003000,0.099956,0.299929,0.029400
16,0.003200,0.099950,0.299923,0.031360
17,0.003400,0.099944,0.299917,0.033320
18,0.003600,0.099937,0.299910,0.035280
19,0.003800,0.099930,0.299903,0.037240
20,0.004000,0.099922,0.299895,0.039200
21,0.004200,0.099914,0.299887,0.041160
22,0.004400,0.099905,0.299879,0.043120
23,0.004600,0.099897,0.299870,0.045080
24,0.004800,0.099887,0.299861,0.047040
25,0.005000,0.099878,0.299851,0.049000
26,0.005200,0.099868,0.299841,0.050960
27,0.005400,0.099857,0.299830,0.052920
28,0.005600,0.099847,0.299820,0.054880
29,0.005800,0.099835,0.299809,0.056840
30,0.006000,0.099824,0.299797,0.058800
31,0.006200,0.099812,0.299785,0.060760
32,0.006400,0.099800,0.299773,0.062720
33,0.006600,0.099787,0.299760,0.064680
34,0.006800,0.099774,0.299747,0.066640
35,0.007000,0.099760,0.299733,0.068600
36,0.007200,0.099746,0.299719,0.070560
37,0.007400,0.099732,0.299705,0.072520
38,0.007600,0.099717,0.299690,0.074480
39,0.007800,0.099702,0.299675,0.076440
40,0.008000,0.099687,0.299660,0.078400
41,0.008200,0.099671,0.299644,0.080360
42,0.008400,0.099654,0.299628,0.082320
43,0.008600,0.099638,0.299611,0.084280
44,0.008800,0.099621,0.299594,0.086240
45,0.009000,0.099603,0.299576,0.088200
46,0.009200,0.099585,0.299558,0.090160
47,0.009400,0.099567,0.299540,0.092120
48,0.009600,0.099549,0.299522,0.094080
49,0.009800,0.099529,0.299503,0.096040
50,0.010000,0.099510,0.299483,0.098000
51,0.010200,0.099490,0.299463,0.099960
52,0.010400,0.099470,0.299443,0.101920
53,0.010600,0.099449,0.299423,0.103880
54,0.010800,0.099428,0.299402,0.105840
55,0.011000,0.099407,0.299380,0.107799
56,0.011200,0.099385,0.299358,0.109759
57,0.011400,0.099363,0.299336,0.111719
58,0.011600,0.099341,0.299314,0.113679
59,0.011800,0.099318,0.299291,0.115639
60,0.012000,0.099294,0.299268,0.117599
61,0.012200,0.099271,0.299244,0.119559
62,0.012400,0.099247,0.299220,0.121519
63,0.012600,0.099222,0.299195,0.123479
64,0.012800,0.099197,0.299170,0.125439
65,0.013000,0.099172,0.299145,0.127399
66,0.013200,0.099146,0.299119,0.129359
67,0.013400,0.099120,0.299093,0.131319
68,0.013600,0.099094,0.299067,0.133280
69,0.013800,0.099067,0.299040,0.135240
70,0.014000,0.099039,0.299013,0.137200
71,0.014200,0.099012,0.298985,0.139160
72,0.014400,0.098984,0.298957,0.141120
73,0.014600,0.098955,0.298928,0.143080
74,0.014800,0.098927,0.298900,0.145040
75,0.015000,0.098897,0.298870,0.147000
76,0.015200,0.098868,0.298841,0.148961
77,0.015400,0.098838,0.298811,0.150921
78,0.015600,0.098807,0.298780,0.152881
79,0.015800,0.098777,0.298750,0.154841
80,0.016000,0.098745,0.298719,0.156801
81,0.016200,0.098714,0.298687,0.158761
82,0.016400,0.098682,0.298655,0.160721
83,0.016600,0.098650,0.298623,0.162681
84,0.016800,0.098617,0.298590,0.164641
85,0.017000,0.098584,0.298557,0.166602
86,0.017200,0.098550,0.298523,0.168562
87,0.017400,0.098516,0.298489,0.170522
88,0.017600,0.098482,0.298455,0.172482
89,0.017800,0.098447,0.298420,0.174442
90,0.018000,0.098412,0.298385,0.176402
91,0.018200,0.098377,0.298350,0.178362
92,0.018400,0.098341,0.298314,0.180322
93,0.018600,0.098304,0.298278,0.182282
94,0.018800,0.098268,0.298241,0.184243
95,0.019000,0.098231,0.298204,0.186203
96,0.019200,0.098193,0.298166,0.188163
97,0.019400,0.098155,0.298129,0.190123
98,0.019600,0.098117,0.298090,0.192083
99,0.019800,0.098079,0.298052,0.194043
100,0.020000,0.098040,0.298013,0.196003
101,0.020200,0.098000,0.297973,0.197963
102,0.020400,0.097960,0.297933,0.199923
103,0.020600,0.097920,0.297893,0.201884
104,0.020800,0.097880,0.297853,0.203844
105,0.021000,0.097839,0.297812,0.205804
106,0.021200,0.097797,0.297770,0.207764
107,0.021400,0.097756,0.297729,0.209724
108,0.021600,0.097713,0.297686,0.211684
109,0.021800,0.097671,0.297644,0.213644
110,0.022000,0.097628,0.297601,0.215604
111,0.022200,0.097585,0.297558,0.217564
112,0.022400,0.097541,0.297514,0.219524
113,0.022600,0.097497,0.297470,0.221485
114,0.022800,0.097452,0.297425,0.223445
115,0.023000,0.097407,0.297380,0.225405
116,0.023200,0.097362,0.297335,0.227365
117,0.023400,0.097316,0.297289,0.229325
118,0.023600,0.097270,0.297243,0.231285
119,0.023800,0.097224,0.297197,0.233245
120,0.024000,0.097177,0.297150,0.235205
121,0.024200,0.097130,0.297103,0.237166
122,0.024400,0.097082,0.297055,0.239126
123,0.024600,0.097034,0.297007,0.241086
124,0.024800,0.096986,0.296959,0.243046
125,0.025000,0.096937,0.296910,0.245006
126,0.025200,0.096888,0.296861,0.246966
127,0.025400,0.096838,0.296811,0.248926
128,0.025600,0.096788,0.296761,0.250886
129,0.025800,0.096738,0.296711,0.252846
130,0.026000,0.096687,0.296660,0.254806
131,0.026200,0.096636,0.296609,0.256766
132,0.026400,0.096584,0.296557,0.258726
133,0.026600,0.096532,0.296505,0.260685
134,0.026800,0.096480,0.296453,0.262645
135,0.027000,0.096427,0.296400,0.264605
136,0.027200,0.096374,0.296347,0.266565
137,0.027400,0.096320,0.296293,0.268525
138,0.027600,0.096267,0.296240,0.270484
139,0.027800,0.096212,0.296185,0.272444
140,0.028000,0.096158,0.296131,0.274404
141,0.028200,0.096102,0.296076,0.276364
142,0.028400,0.096047,0.296020,0.278324
143,0.028600,0.095991,0.295964,0.280284
144,0.028800,0.095935,0.295908,0.282243
145,0.029000,0.095878,0.295851,0.284203
146,0.029200,0.095821,0.295794,0.286163
147,0.029400,0.095764,0.295737,0.288123
148,0.029600,0.095706,0.295679,0.290083
149,0.029800,0.095648,0.295621,0.292043
150,0.030000,0.095589,0.295562,0.294002
151,0.030200,0.095530,0.295503,0.295962
152,0.030400,0.095471,0.295444,0.297922
153,0.030600,0.095411,0.295384,0.299882
154,0.030800,0.095351,0.295324,0.301842
155,0.031000,0.095290,0.295263,0.303801
156,0.031200,0.095229,0.295202,0.305761
157,0.031400,0.095168,0.295141,0.307721
158,0.031600,0.095106,0.295079,0.309681
159,0.031800,0.095044,0.295017,0.311641
160,0.032000,0.094981,0.294954,0.313601
161,0.032200,0.094918,0.294892,0.315560
162,0.032400,0.094855,0.294828,0.317520
163,0.032600,0.094791,0.294764,0.319480
164,0.032800,0.094727,0.294700,0.321440
165,0.033000,0.094663,0.294636,0.323400
166,0.033200,0.094598,0.294571,0.325359
167,0.033400,0.094533,0.294506,0.327319
168,0.033600,0.094467,0.294440,0.329279
169,0.033800,0.094401,0.294374,0.331239
170,0.034000,0.094334,0.294308,0.333199
171,0.034200,0.094268,0.294241,0.335159
172,0.034400,0.094200,0.294173,0.337118
173,0.034600,0.094133,0.294106,0.339078
174,0.034800,0.094065,0.294038,0.341038
175,0.035000,0.093996,0.293969,0.342998
176,0.035200,0.093928,0.293901,0.344958
177,0.035400,0.093858,0.293831,0.346918
178,0.035600,0.093789,0.293762,0.348877
179,0.035800,0.093719,0.293692,0.350837
180,0.036000,0.093648,0.293622,0.352797
181,0.036200,0.093578,0.293551,0.354757
182,0.036400,0.093506,0.293480,0.356717
183,0.036600,0.093435,0.293408,0.358676
184,0.036800,0.093363,0.293336,0.360636
185,0.037000,0.093291,0.293264,0.362596
186,0.037200,0.093218,0.293191,0.364556
187,0.037400,0.093145,0.293118,0.366516
188,0.037600,0.093071,0.293044,0.368475
189,0.037800,0.092997,0.292971,0.370435
190,0.038000,0.092923,0.292896,0.372395
191,0.038200,0.092848,0.292821,0.374355
192,0.038400,0.092773,0.292746,0.376315
193,0.038600,0.092698,0.292671,0.378275
194,0.038800,0.092622,0.292595,0.380234
195,0.039000,0.092546,0.292519,0.382194
196,0.039200,0.092469,0.292442,0.384154
197,0.039400,0.092392,0.292365,0.386114
198,0.039600,0.092315,0.292288,0.388074
199,0.039800,0.092237,0.292210,0.390033
200,0.040000,0.092159,0.292132,0.391993
201,0.040200,0.092080,0.292053,0.393953
202,0.040400,0.092001,0.291974,0.395913
203,0.040600,0.091922,0.291895,0.397873
204,0.040800,0.091842,0.291815,0.399833
205,0.041000,0.091762,0.291735,0.401793
206,0.041200,0.091681,0.291654,0.403752
207,0.041400,0.091600,0.291573,0.405712
208,0.041600,0.091519,0.291492,0.407672
209,0.041800,0.091437,0.291410,0.409632
210,0.042000,0.091355,0.291328,0.411592
211,0.042200,0.091272,0.291245,0.413551
212,0.042400,0.091189,0.291163,0.415511
213,0.042600,0.091106,0.291079,0.417471
214,0.042800,0.091022,0.290996,0.419431
215,0.043000,0.090938,0.290911,0.421391
216,0.043200,0.090854,0.290827,0.423351
217,0.043400,0.090769,0.290742,0.425310
218,0.043600,0.090684,0.290657,0.427270
219,0.043800,0.090598,0.290571,0.429230
220,0.044000,0.090512,0.290485,0.431190
221,0.044200,0.090426,0.290399,0.433150
222,0.044400,0.090339,0.290312,0.435110
223,0.044600,0.090252,0.290225,0.437070
224,0.044800,0.090164,0.290137,0.439029
225,0.045000,0.090076,0.290049,0.440989
226,0.045200,0.089987,0.289961,0.442949
227,0.045400,0.089899,0.289872,0.444909
228,0.045600,0.089809,0.289783,0.446869
229,0.045800,0.089720,0.289693,0.448829
230,0.046000,0.089630,0.289603,0.450788
231,0.046200,0.089540,0.289513,0.452748
232,0.046400,0.089449,0.289422,0.454708
233,0.046600,0.089358,0.289331,0.456668
234,0.046800,0.089266,0.289239,0.458628
235,0.047000,0.089174,0.289147,0.460587
236,0.047200,0.089082,0.289055,0.462547
237,0.047400,0.088989,0.288962,0.464507
238,0.047600,0.088896,0.288869,0.466467
239,0.047800,0.088803,0.288776,0.468427
240,0.048000,0.088709,0.288682,0.470387
241,0.048200,0.088614,0.288588,0.472346
242,0.048400,0.088520,0.288493,0.474306
243,0.048600,0.088425,0.288398,0.476266
244,0.048800,0.088329,0.288302,0.478226
245,0.049000,0.088233,0.288206,0.480186
246,0.049200,0.088137,0.288110,0.482146
247,0.049400,0.088040,0.288014,0.484105
248,0.049600,0.087943,0.287917,0.486065
249,0.049800,0.087846,0.287819,0.488025
250,0.050000,0.087748,0.287721,0.489985
251,0.050200,0.087650,0.287623,0.491945
252,0.050400,0.087551,0.287525,0.493905
253,0.050600,0.087452,0.287426,0.495864
254,0.050800,0.087353,0.287326,0.497824
255,0.051000,0.087253,0.287226,0.499784
256,0.051200,0.087153,0.287126,0.501744
257,0.051400,0.087053,0.287026,0.503704
258,0.051600,0.086952,0.286925,0.505664
259,0.051800,0.086850,0.286823,0.507623
260,0.052000,0.086749,0.286722,0.509584
261,0.052200,0.086646,0.286620,0.511544
262,0.052400,0.086544,0.286517,0.513503
263,0.052600,0.086441,0.286414,0.515463
264,0.052800,0.086338,0.286311,0.517423
265,0.053000,0.086234,0.286207,0.519383
266,0.053200,0.086130,0.286103,0.521343
267,0.053400,0.086025,0.285999,0.523302
268,0.053600,0.085921,0.285894,0.525262
269,0.053800,0.085815,0.285788,0.527222
270,0.054000,0.085710,0.285683,0.529182
271,0.054200,0.085604,0.285577,0.531142
272,0.054400,0.085497,0.285470,0.533102
273,0.054600,0.085390,0.285364,0.535061
274,0.054800,0.085283,0.285256,0.537021
275,0.055000,0.085176,0.285149,0.538981
276,0.055200,0.085068,0.285041,0.540941
277,0.055400,0.084959,0.284932,0.542901
278,0.055600,0.084850,0.284824,0.544860
279,0.055800,0.084741,0.284714,0.546820
280,0.056000,0.084632,0.284605,0.548780
281,0.056200,0.084522,0.284495,0.550740
282,0.056400,0.084411,0.284384,0.552700
283,0.056600,0.084301,0.284274,0.554660
284,0.056800,0.084189,0.284163,0.556619
285,0.057000,0.084078,0.284051,0.558579
286,0.057200,0.083966,0.283939,0.560539
287,0.057400,0.083854,0.283827,0.562499
288,0.057600,0.083741,0.283714,0.564459
289,0.057800,0.083628,0.283601,0.566418
290,0.058000,0.083514,0.283487,0.568378
291,0.058200,0.083400,0.283374,0.570338
292,0.058400,0.083286,0.283259,0.572298
293,0.058600,0.083172,0.283145,0.574258
294,0.058800,0.083057,0.283030,0.576217
295,0.059000,0.082941,0.282914,0.578177
296,0.059200,0.082825,0.282798,0.580137
297,0.059400,0.082709,0.282682,0.582097
298,0.059600,0.082592,0.282565,0.584057
299,0.059800,0.082475,0.282449,0.586017
300,0.060000,0.082358,0.282331,0.587977
301,0.060200,0.082240,0.282213,0.589936
302,0.060400,0.082122,0.282095,0.591896
303,0.060600,0.082003,0.281976,0.593856
304,0.060800,0.081884,0.281857,0.595816
305,0.061000,0.081765,0.281738,0.597776
306,0.061200,0.081645,0.281618,0.599735
307,0.061400,0.081525,0.281498,0.601695
308,0.061600,0.081405,0.281378,0.603655
309,0.061800,0.081284,0.281257,0.605615
310,0.062000,0.081162,0.281135,0.607575
311,0.062200,0.081041,0.281014,0.609535
312,0.062400,0.080918,0.280892,0.611494
313,0.062600,0.080796,0.280769,0.613454
314,0.062800,0.080673,0.280646,0.615414
315,0.063000,0.080550,0.280523,0.617374
316,0.063200,0.080426,0.280399,0.619334
317,0.063400,0.080302,0.280275,0.621294
318,0.063600,0.080178,0.280151,0.623254
319,0.063800,0.080053,0.280026,0.625213
320,0.064000,0.079927,0.279901,0.627173
321,0.064200,0.079802,0.279775,0.629133
322,0.064400,0.079676,0.279649,0.631093
323,0.064600,0.079549,0.279523,0.633053
324,0.064800,0.079423,0.279396,0.635013
325,0.065000,0.079295,0.279268,0.636973
326,0.065200,0.079168,0.279141,0.638932
327,0.065400,0.079040,0.279013,0.640892
328,0.065600,0.078911,0.278885,0.642852
329,0.065800,0.078783,0.278756,0.644812
330,0.066000,0.078653,0.278627,0.646772
331,0.066200,0.078524,0.278497,0.648732
332,0.066400,0.078394,0.278367,0.650691
333,0.066600,0.078264,0.278237,0.652651
334,0.066800,0.078133,0.278106,0.654611
335,0.067000,0.078002,0.277975,0.656571
336,0.067200,0.077870,0.277843,0.658531
337,0.067400,0.077738,0.277711,0.660491
338,0.067600,0.077606,0.277579,0.662450
339,0.067800,0.077473,0.277446,0.664410
340,0.068000,0.077340,0.277313,0.666370
341,0.068200,0.077207,0.277180,0.668330
342,0.068400,0.077073,0.277046,0.670289
343,0.068600,0.076939,0.276912,0.672249
344,0.068800,0.076804,0.276777,0.674209
345,0.069000,0.076669,0.276642,0.676169
346,0.069200,0.076533,0.276507,0.678129
347,0.069400,0.076398,0.276371,0.680089
348,0.069600,0.076261,0.276235,0.682049
349,0.069800,0.076125,0.276098,0.684009
350,0.070000,0.075988,0.275961,0.685969
351,0.070200,0.075850,0.275823,0.687928
352,0.070400,0.075713,0.275686,0.689888
353,0.070600,0.075574,0.275548,0.691848
354,0.070800,0.075436,0.275409,0.693807
355,0.071000,0.075297,0.275270,0.695767
356,0.071200,0.075157,0.275131,0.697727
357,0.071400,0.075018,0.274991,0.699687
358,0.071600,0.074878,0.274851,0.701647
359,0.071800,0.074737,0.274710,0.703607
360,0.072000,0.074596,0.274569,0.705567
361,0.072200,0.074455,0.274428,0.707527
362,0.072400,0.074313,0.274286,0.709486
363,0.072600,0.074171,0.274144,0.711446
364,0.072800,0.074028,0.274002,0.713406
365,0.073000,0.073886,0.273859,0.715366
366,0.073200,0.073742,0.273715,0.717326
367,0.073400,0.073599,0.273572,0.719285
368,0.073600,0.073455,0.273428,0.721246
369,0.073800,0.073310,0.273283,0.723205
370,0.074000,0.073165,0.273138,0.725165
371,0.074200,0.073020,0.272993,0.727125
372,0.074400,0.072874,0.272848,0.729085
373,0.074600,0.072728,0.272702,0.731045
374,0.074800,0.072582,0.272555,0.733005
375,0.075000,0.072435,0.272408,0.734964
376,0.075200,0.072288,0.272261,0.736925
377,0.075400,0.072140,0.272114,0.738885
378,0.075600,0.071992,0.271966,0.740844
379,0.075800,0.071844,0.271817,0.742804
380,0.076000,0.071695,0.271668,0.744764
381,0.076200,0.071546,0.271519,0.746723
382,0.076400,0.071397,0.271370,0.748683
383,0.076600,0.071247,0.271220,0.750643
384,0.076800,0.071096,0.271069,0.752603
385,0.077000,0.070946,0.270919,0.754563
386,0.077200,0.070794,0.270768,0.756523
387,0.077400,0.070643,0.270616,0.758482
388,0.077600,0.070491,0.270464,0.760442
389,0.077800,0.070339,0.270312,0.762402
390,0.078000,0.070186,0.270159,0.764362
391,0.078200,0.070033,0.270006,0.766322
392,0.078400,0.069879,0.269853,0.768282
393,0.078600,0.069726,0.269699,0.770241
394,0.078800,0.069571,0.269545,0.772201
395,0.079000,0.069417,0.269390,0.774161
396,0.079200,0.069262,0.269235,0.776121
397,0.079400,0.069106,0.269079,0.778081
398,0.079600,0.068950,0.268924,0.780041
399,0.079800,0.068794,0.268767,0.782001
400,0.080000,0.068638,0.268611,0.783960
401,0.080200,0.068481,0.268454,0.785920
402,0.080400,0.068323,0.268296,0.787880
403,0.080600,0.068165,0.268139,0.789840
404,0.080800,0.068007,0.267980,0.791800
405,0.081000,0.067849,0.267822,0.793760
406,0.081200,0.067690,0.267663,0.795720
407,0.081400,0.067530,0.267504,0.797680
408,0.081600,0.067371,0.267344,0.799639
409,0.081800,0.067211,0.267184,0.801599
410,0.082000,0.067050,0.267023,0.803559
411,0.082200,0.066889,0.266862,0.805519
412,0.082400,0.066728,0.266701,0.807479
413,0.082600,0.066566,0.266539,0.809439
414,0.082800,0.066404,0.266377,0.811399
415,0.083000,0.066241,0.266215,0.813358
416,0.083200,0.066079,0.266052,0.815318
417,0.083400,0.065915,0.265889,0.817278
418,0.083600,0.065752,0.265725,0.819238
419,0.083800,0.065588,0.265561,0.821198
420,0.084000,0.065423,0.265396,0.823158
421,0.084200,0.065258,0.265231,0.825117
422,0.084400,0.065093,0.265066,0.827077
423,0.084600,0.064927,0.264901,0.829037
424,0.084800,0.064761,0.264735,0.830997
425,0.085000,0.064595,0.264568,0.832957
426,0.085200,0.064428,0.264401,0.834917
427,0.085400,0.064261,0.264234,0.836876
428,0.085600,0.064094,0.264067,0.838836
429,0.085800,0.063926,0.263899,0.840796
430,0.086000,0.063757,0.263730,0.842756
431,0.086200,0.063588,0.263562,0.844716
432,0.086400,0.063419,0.263392,0.846676
433,0.086600,0.063250,0.263223,0.848636
434,0.086800,0.063080,0.263053,0.850595
435,0.087000,0.062909,0.262883,0.852555
436,0.087200,0.062739,0.262712,0.854516
437,0.087400,0.062568,0.262541,0.856475
438,0.087600,0.062396,0.262369,0.858435
439,0.087800,0.062224,0.262197,0.860395
440,0.088000,0.062052,0.262025,0.862355
441,0.088200,0.061879,0.261852,0.864315
442,0.088400,0.061706,0.261679,0.866274
443,0.088600,0.061533,0.261506,0.868234
444,0.088800,0.061359,0.261332,0.870194
445,0.089000,0.061185,0.261158,0.872154
446,0.089200,0.061010,0.260983,0.874114
447,0.089400,0.060835,0.260808,0.876074
448,0.089600,0.060660,0.260633,0.878033
449,0.089800,0.060484,0.260457,0.879993
450,0.090000,0.060308,0.260281,0.881953
451,0.090200,0.060131,0.260104,0.883913
452,0.090400,0.059954,0.259927,0.885873
453,0.090600,0.059777,0.259750,0.887833
454,0.090800,0.059599,0.259572,0.889792
455,0.091000,0.059421,0.259394,0.891752
456,0.091200,0.059242,0.259215,0.893712
457,0.091400,0.059063,0.259036,0.895672
458,0.091600,0.058884,0.258857,0.897631
459,0.091800,0.058704,0.258677,0.899591
460,0.092000,0.058524,0.258497,0.901551
461,0.092200,0.058343,0.258317,0.903511
462,0.092400,0.058163,0.258136,0.905471
463,0.092600,0.057981,0.257955,0.907431
464,0.092800,0.057800,0.257773,0.909391
465,0.093000,0.057617,0.257591,0.911351
466,0.093200,0.057435,0.257408,0.913311
467,0.093400,0.057252,0.257225,0.915271
468,0.093600,0.057069,0.257042,0.917230
469,0.093800,0.056885,0.256858,0.919190
470,0.094000,0.056701,0.256674,0.921150
471,0.094200,0.056517,0.256490,0.923110
472,0.094400,0.056332,0.256305,0.925070
473,0.094600,0.056147,0.256120,0.927029
474,0.094800,0.055961,0.255934,0.928989
475,0.095000,0.055775,0.255748,0.930949
476,0.095200,0.055589,0.255562,0.932909
477,0.095400,0.055402,0.255375,0.934869
478,0.095600,0.055215,0.255188,0.936829
479,0.095800,0.055027,0.255000,0.938789
480,0.096000,0.054839,0.254812,0.940749
481,0.096200,0.054651,0.254624,0.942709
482,0.096400,0.054462,0.254435,0.944669
483,0.096600,0.054273,0.254246,0.946629
484,0.096800,0.054083,0.254057,0.948588
485,0.097000,0.053894,0.253867,0.950548
486,0.097200,0.053703,0.253676,0.952508
487,0.097400,0.053512,0.253486,0.954468
488,0.097600,0.053321,0.253295,0.956428
489,0.097800,0.053130,0.253103,0.958388
490,0.098000,0.052938,0.252911,0.960348
491,0.098200,0.052746,0.252719,0.962308
492,0.098400,0.052553,0.252526,0.964267
493,0.098600,0.052360,0.252333,0.966227
494,0.098800,0.052167,0.252140,0.968187
495,0.099000,0.051973,0.251946,0.970147
496,0.099200,0.051778,0.251752,0.972107
497,0.099400,0.051584,0.251557,0.974066
498,0.099600,0.051389,0.251362,0.976026
499,0.099800,0.051193,0.251167,0.977986
500,0.100000,0.050998,0.250971,0.979946
501,0.100200,0.050801,0.250775,0.981906
502,0.100400,0.050605,0.250578,0.983867
503,0.100600,0.050408,0.250381,0.985826
504,0.100800,0.050210,0.250184,0.987786
505,0.101000,0.050013,0.249986,0.989745
506,0.101200,0.049815,0.249788,0.991705
507,0.101400,0.049616,0.249589,0.993665
508,0.101600,0.049417,0.249390,0.995625
509,0.101800,0.049218,0.249191,0.997585
510,0.102000,0.049018,0.248991,0.999545
511,0.102200,0.048818,0.248791,1.001505
512,0.102400,0.048617,0.248591,1.003465
513,0.102600,0.048417,0.248390,1.005425
514,0.102800,0.048215,0.248188,1.007385
515,0.103000,0.048014,0.247987,1.009345
516,0.103200,0.047811,0.247785,1.011304
517,0.103400,0.047609,0.247582,1.013264
518,0.103600,0.047406,0.247379,1.015224
519,0.103800,0.047203,0.247176,1.017184
520,0.104000,0.046999,0.246972,1.019144
521,0.104200,0.046795,0.246768,1.021104
522,0.104400,0.046591,0.246564,1.023064
523,0.104600,0.046386,0.246359,1.025023
524,0.104800,0.046181,0.246154,1.026983
525,0.105000,0.045975,0.245948,1.028943
526,0.105200,0.045769,0.245742,1.030903
527,0.105400,0.045563,0.245536,1.032863
528,0.105600,0.045356,0.245329,1.034823
529,0.105800,0.045149,0.245122,1.036782
530,0.106000,0.044941,0.244915,1.038742
531,0.106200,0.044733,0.244707,1.040702
532,0.106400,0.044525,0.244498,1.042662
533,0.106600,0.044316,0.244290,1.044622
534,0.106800,0.044107,0.244080,1.046581
535,0.107000,0.043898,0.243871,1.048541
536,0.107200,0.043688,0.243661,1.050501
537,0.107400,0.043477,0.243451,1.052461
538,0.107600,0.043267,0.243240,1.054420
539,0.107800,0.043056,0.243029,1.056380
540,0.108000,0.042844,0.242817,1.058340
541,0.108200,0.042632,0.242605,1.060300
542,0.108400,0.042420,0.242393,1.062260
543,0.108600,0.042207,0.242181,1.064220
544,0.108800,0.041994,0.241968,1.066179
545,0.109000,0.041781,0.241754,1.068139
546,0.109200,0.041567,0.241540,1.070099
547,0.109400,0.041353,0.241326,1.072059
548,0.109600,0.041138,0.241111,1.074019
549,0.109800,0.040923,0.240896,1.075979
550,0.110000,0.040708,0.240681,1.077938
551,0.110200,0.040492,0.240465,1.079898
552,0.110400,0.040276,0.240249,1.081858
553,0.110600,0.040059,0.240032,1.083818
554,0.110800,0.039842,0.239815,1.085778
555,0.111000,0.039625,0.239598,1.087738
556,0.111200,0.039407,0.239380,1.089698
557,0.111400,0.039189,0.239162,1.091658
558,0.111600,0.038970,0.238944,1.093618
559,0.111800,0.038751,0.238725,1.095578
560,0.112000,0.038532,0.238505,1.097537
561,0.112200,0.038312,0.238286,1.099497
562,0.112400,0.038092,0.238066,1.101457
563,0.112600,0.037872,0.237845,1.103417
564,0.112800,0.037651,0.237624,1.105377
565,0.113000,0.037430,0.237403,1.107337
566,0.113200,0.037208,0.237181,1.109296
567,0.113400,0.036986,0.236959,1.111256
568,0.113600,0.036764,0.236737,1.113216
569,0.113800,0.036541,0.236514,1.115176
570,0.114000,0.036317,0.236291,1.117135
571,0.114200,0.036094,0.236067,1.119095
572,0.114400,0.035870,0.235843,1.121055
573,0.114600,0.035645,0.235619,1.123016
574,0.114800,0.035421,0.235394,1.124976
575,0.115000,0.035195,0.235169,1.126935
576,0.115200,0.034970,0.234943,1.128895
577,0.115400,0.034744,0.234717,1.130855
578,0.115600,0.034517,0.234491,1.132815
579,0.115800,0.034291,0.234264,1.134774
580,0.116000,0.034063,0.234037,1.136734
581,0.116200,0.033836,0.233809,1.138695
582,0.116400,0.033608,0.233581,1.140654
583,0.116600,0.033380,0.233353,1.142614
584,0.116800,0.033151,0.233124,1.144574
585,0.117000,0.032922,0.232895,1.146534
586,0.117200,0.032692,0.232666,1.148494
587,0.117400,0.032462,0.232436,1.150454
588,0.117600,0.032232,0.232205,1.152414
589,0.117800,0.032001,0.231975,1.154373
590,0.118000,0.031770,0.231744,1.156333
591,0.118200,0.031539,0.231512,1.158293
592,0.118400,0.031307,0.231280,1.160253
593,0.118600,0.031075,0.231048,1.162213
594,0.118800,0.030842,0.230815,1.164173
595,0.119000,0.030609,0.230582,1.166132
596,0.119200,0.030376,0.230349,1.168092
597,0.119400,0.030142,0.230115,1.170052
598,0.119600,0.029908,0.229881,1.172012
599,0.119800,0.029673,0.229646,1.173973
600,0.120000,0.029438,0.229411,1.175932
601,0.120200,0.029203,0.229176,1.177892
602,0.120400,0.028967,0.228940,1.179852
603,0.120600,0.028731,0.228704,1.181812
604,0.120800,0.028494,0.228467,1.183772
605,0.121000,0.028257,0.228230,1.185732
606,0.121200,0.028020,0.227993,1.187691
607,0.121400,0.027782,0.227755,1.189729
608,0.121600,0.027545,0.227517,1.191959
609,0.121800,0.027308,0.227279,1.194080
610,0.122000,0.027073,0.227040,1.195783
611,0.122200,0.026839,0.226801,1.197981
612,0.122400,0.026606,0.226561,1.200246
613,0.122600,0.026376,0.226321,1.202540
614,0.122800,0.026149,0.226081,1.204576
615,0.123000,0.025926,0.225841,1.206983
616,0.123200,0.025706,0.225601,1.209339
617,0.123400,0.025491,0.225362,1.211697
618,0.123600,0.025281,0.225122,1.214387
619,0.123800,0.025079,0.224883,1.216977
620,0.124000,0.024885,0.224645,1.219404
621,0.124200,0.024699,0.224408,1.221594
622,0.124400,0.024523,0.224172,1.223447
623,0.124600,0.024357,0.223938,1.225844
624,0.124800,0.024202,0.223706,1.228726
625,0.125000,0.024057,0.223475,1.231449
626,0.125200,0.023923,0.223247,1.233976
627,0.125400,0.023800,0.223021,1.236274
628,0.125600,0.023688,0.222798,1.238305
629,0.125800,0.023587,0.222578,1.240007
630,0.126000,0.023496,0.222362,1.242078
631,0.126200,0.023414,0.222148,1.244311
632,0.126400,0.023341,0.221938,1.246298
633,0.126600,0.023275,0.221732,1.248055
634,0.126800,0.023218,0.221529,1.249577
635,0.127000,0.023167,0.221330,1.250840
636,0.127200,0.023124,0.221135,1.251791
637,0.127400,0.023086,0.220943,1.252431
638,0.127600,0.023053,0.220755,1.252822
639,0.127800,0.023024,0.220571,1.252992
640,0.128000,0.023001,0.220391,1.253614
641,0.128200,0.022983,0.220214,1.255438
642,0.128400,0.022970,0.220041,1.257258
643,0.128600,0.022963,0.219871,1.259343
644,0.128800,0.022959,0.219704,1.261427
645,0.129000,0.022958,0.219541,1.263512
646,0.129200,0.022960,0.219380,1.265638
647,0.129400,0.022967,0.219223,1.267796
648,0.129600,0.022979,0.219068,1.269924
649,0.129800,0.022996,0.218915,1.272098
650,0.130000,0.023017,0.218765,1.274292
651,0.130200,0.023042,0.218617,1.276478
652,0.130400,0.023072,0.218471,1.278673
653,0.130600,0.023105,0.218327,1.280915
654,0.130800,0.023139,0.218184,1.283136
655,0.131000,0.023168,0.218043,1.285351
656,0.131200,0.023200,0.217903,1.287589
657,0.131400,0.023235,0.217764,1.289823
658,0.131600,0.023273,0.217626,1.292011
659,0.131800,0.023313,0.217489,1.294156
660,0.132000,0.023335,0.217352,1.296301
661,0.132200,0.023307,0.217216,1.298460
662,0.132400,0.023279,0.217081,1.300653
663,0.132600,0.023252,0.216945,1.302864
664,0.132800,0.023224,0.216810,1.305079
665,0.133000,0.023198,0.216675,1.307293
666,0.133200,0.023171,0.216540,1.309501
667,0.133400,0.023145,0.216404,1.311703
668,0.133600,0.023119,0.216269,1.313903
669,0.133800,0.023094,0.216133,1.316097
670,0.134000,0.023069,0.215996,1.318286
671,0.134200,0.023044,0.215860,1.320472
672,0.134400,0.023019,0.215723,1.322654
673,0.134600,0.022995,0.215585,1.324827
674,0.134800,0.022970,0.215448,1.327000
675,0.135000,0.022946,0.215309,1.329163
676,0.135200,0.022923,0.215171,1.331324
677,0.135400,0.022899,0.215032,1.333478
678,0.135600,0.022876,0.214892,1.335629
679,0.135800,0.022852,0.214752,1.337775
680,0.136000,0.022830,0.214612,1.339919
681,0.136200,0.022807,0.214471,1.342058
682,0.136400,0.022784,0.214330,1.344194
683,0.136600,0.022762,0.214188,1.346326
684,0.136800,0.022740,0.214046,1.348458
685,0.137000,0.022718,0.213904,1.350589
686,0.137200,0.022697,0.213761,1.352715
687,0.137400,0.022675,0.213618,1.354837
688,0.137600,0.022654,0.213474,1.356961
689,0.137800,0.022633,0.213330,1.359081
690,0.138000,0.022612,0.213186,1.361199
691,0.138200,0.022591,0.213041,1.363315
692,0.138400,0.022571,0.212896,1.365427
693,0.138600,0.022550,0.212750,1.367537
694,0.138800,0.022530,0.212604,1.369648
695,0.139000,0.022510,0.212458,1.371757
696,0.139200,0.022490,0.212311,1.373866
697,0.139400,0.022470,0.212164,1.375974
698,0.139600,0.022450,0.212017,1.378080
699,0.139800,0.022430,0.211869,1.380182
700,0.140000,0.022411,0.211720,1.382283
701,0.140200,0.022392,0.211571,1.384383
702,0.140400,0.022372,0.211422,1.386483
703,0.140600,0.022353,0.211273,1.388579
704,0.140800,0.022334,0.211123,1.390675
705,0.141000,0.022316,0.210973,1.392769
706,0.141200,0.022297,0.210822,1.394859
707,0.141400,0.022278,0.210671,1.396949
708,0.141600,0.022260,0.210520,1.399035
709,0.141800,0.022241,0.210368,1.401122
710,0.142000,0.022223,0.210215,1.403206
711,0.142200,0.022205,0.210063,1.405290
712,0.142400,0.022187,0.209910,1.407369
713,0.142600,0.022169,0.209757,1.409450
714,0.142800,0.022151,0.209603,1.411528
715,0.143000,0.022133,0.209449,1.413604
716,0.143200,0.022116,0.209294,1.415680
717,0.143400,0.022098,0.209139,1.417752
718,0.143600,0.022081,0.208984,1.419824
719,0.143800,0.022063,0.208828,1.421894
720,0.144000,0.022046,0.208672,1.423964
721,0.144200,0.022029,0.208516,1.426032
722,0.144400,0.022012,0.208359,1.428097
723,0.144600,0.021995,0.208202,1.430163
724,0.144800,0.021978,0.208045,1.432226
725,0.145000,0.021961,0.207887,1.434291
726,0.145200,0.021944,0.207728,1.436354
727,0.145400,0.021927,0.207570,1.438416
728,0.145600,0.021911,0.207411,1.440477
729,0.145800,0.021894,0.207251,1.442537
730,0.146000,0.021878,0.207092,1.444596
731,0.146200,0.021861,0.206932,1.446654
732,0.146400,0.021845,0.206771,1.448712
733,0.146600,0.021829,0.206610,1.450770
734,0.146800,0.021813,0.206449,1.452824
735,0.147000,0.021797,0.206287,1.454879
736,0.147200,0.021781,0.206125,1.456932
737,0.147400,0.021765,0.205963,1.458986
738,0.147600,0.021749,0.205800,1.461038
739,0.147800,0.021733,0.205637,1.463090
740,0.148000,0.021717,0.205474,1.465141
741,0.148200,0.021701,0.205310,1.467190
742,0.148400,0.021686,0.205146,1.469238
743,0.148600,0.021670,0.204981,1.471286
744,0.148800,0.021655,0.204817,1.473335
745,0.149000,0.021639,0.204651,1.475381
746,0.149200,0.021624,0.204486,1.477427
747,0.149400,0.021608,0.204320,1.479470
748,0.149600,0.021593,0.204153,1.481513
749,0.149800,0.021578,0.203987,1.483556
750,0.150000,0.021562,0.203820,1.485599
751,0.150200,0.021547,0.203652,1.487639
752,0.150400,0.021532,0.203484,1.489678
753,0.150600,0.021517,0.203316,1.491720
754,0.150800,0.021502,0.203148,1.493759
755,0.151000,0.021487,0.202979,1.495798
756,0.151200,0.021473,0.202810,1.497836
757,0.151400,0.021458,0.202640,1.499875
758,0.151600,0.021443,0.202470,1.501915
759,0.151800,0.021429,0.202300,1.503951
760,0.152000,0.021414,0.202130,1.505987
761,0.152200,0.021399,0.201959,1.508023
762,0.152400,0.021385,0.201788,1.510058
763,0.152600,0.021371,0.201616,1.512094
764,0.152800,0.021356,0.201444,1.514127
765,0.153000,0.021342,0.201272,1.516163
766,0.153200,0.021328,0.201099,1.518197
767,0.153400,0.021314,0.200926,1.520231
768,0.153600,0.021300,0.200753,1.522264
769,0.153800,0.021286,0.200579,1.524296
770,0.154000,0.021272,0.200405,1.526329
771,0.154200,0.021258,0.200231,1.528363
772,0.154400,0.021244,0.200056,1.530399
773,0.154600,0.021230,0.199881,1.532431
774,0.154800,0.021217,0.199705,1.534462
775,0.155000,0.021203,0.199530,1.536495
776,0.155200,0.021189,0.199354,1.538529
777,0.155400,0.021176,0.199177,1.540563
778,0.155600,0.021162,0.199001,1.542599
779,0.155800,0.021149,0.198824,1.544633
780,0.156000,0.021136,0.198646,1.546665
781,0.156200,0.021123,0.198469,1.548696
782,0.156400,0.021110,0.198291,1.550732
783,0.156600,0.021096,0.198112,1.552764
784,0.156800,0.021084,0.197934,1.554796
785,0.157000,0.021071,0.197755,1.556828
786,0.157200,0.021058,0.197575,1.558864
787,0.157400,0.021045,0.197396,1.560899
788,0.157600,0.021032,0.197216,1.562934
789,0.157800,0.021020,0.197035,1.564972
790,0.158000,0.021007,0.196855,1.567011
791,0.158200,0.020995,0.196674,1.569049
792,0.158400,0.020982,0.196493,1.571090
793,0.158600,0.020970,0.196311,1.573133
794,0.158800,0.020958,0.196129,1.575181
795,0.159000,0.020946,0.195947,1.577229
796,0.159200,0.020934,0.195765,1.579280
797,0.159400,0.020922,0.195582,1.581334
798,0.159600,0.020910,0.195399,1.583389
799,0.159800,0.020898,0.195215,1.585448
800,0.160000,0.020886,0.195032,1.587511
801,0.160200,0.020875,0.194848,1.589574
802,0.160400,0.020863,0.194663,1.591639
803,0.160600,0.020852,0.194479,1.593710
804,0.160800,0.020840,0.194294,1.595783
805,0.161000,0.020829,0.194109,1.597859
806,0.161200,0.020818,0.193923,1.599936
807,0.161400,0.020807,0.193737,1.602015
808,0.161600,0.020796,0.193551,1.604098
809,0.161800,0.020785,0.193365,1.606184
810,0.162000,0.020774,0.193178,1.608274
811,0.162200,0.020764,0.192991,1.610366
812,0.162400,0.020753,0.192804,1.612464
813,0.162600,0.020743,0.192617,1.614565
814,0.162800,0.020732,0.192429,1.616672
815,0.163000,0.020722,0.192241,1.618782
816,0.163200,0.020712,0.192053,1.620894
817,0.163400,0.020702,0.191864,1.623016
818,0.163600,0.020692,0.191675,1.625139
819,0.163800,0.020682,0.191486,1.627269
820,0.164000,0.020672,0.191296,1.629402
821,0.164200,0.020663,0.191107,1.631541
822,0.164400,0.020653,0.190917,1.633683
823,0.164600,0.020644,0.190726,1.635828
824,0.164800,0.020634,0.190536,1.637978
825,0.165000,0.020625,0.190345,1.640130
826,0.165200,0.020616,0.190154,1.642283
827,0.165400,0.020607,0.189963,1.644437
828,0.165600,0.020598,0.189771,1.646593
829,0.165800,0.020589,0.189579,1.648750
830,0.166000,0.020580,0.189387,1.650902
831,0.166200,0.020571,0.189195,1.653048
832,0.166400,0.020563,0.189002,1.655187
833,0.166600,0.020554,0.188810,1.657316
834,0.166800,0.020546,0.188617,1.659435
835,0.167000,0.020538,0.188423,1.661549
836,0.167200,0.020530,0.188230,1.663661
837,0.167400,0.020522,0.188036,1.665762
838,0.167600,0.020514,0.187842,1.667860
839,0.167800,0.020506,0.187648,1.669960
840,0.168000,0.020498,0.187453,1.672052
841,0.168200,0.020491,0.187258,1.674140
842,0.168400,0.020483,0.187063,1.676217
843,0.168600,0.020476,0.186868,1.678290
844,0.168800,0.020468,0.186673,1.680361
845,0.169000,0.020461,0.186477,1.682433
846,0.169200,0.020454,0.186281,1.684511
847,0.169400,0.020447,0.186085,1.686591
848,0.169600,0.020440,0.185889,1.688667
849,0.169800,0.020433,0.185692,1.690738
850,0.170000,0.020426,0.185495,1.692811
851,0.170200,0.020420,0.185298,1.694882
852,0.170400,0.020413,0.185101,1.696954
853,0.170600,0.020407,0.184904,1.699025
854,0.170800,0.020400,0.184706,1.701097
855,0.171000,0.020394,0.184508,1.703171
856,0.171200,0.020387,0.184310,1.705244
857,0.171400,0.020381,0.184112,1.707315
858,0.171600,0.020375,0.183914,1.709377
859,0.171800,0.020369,0.183715,1.711439
860,0.172000,0.020363,0.183516,1.713508
861,0.172200,0.020357,0.183317,1.715582
862,0.172400,0.020351,0.183118,1.717660
863,0.172600,0.020345,0.182919,1.719741
864,0.172800,0.020339,0.182719,1.721815
865,0.173000,0.020333,0.182520,1.723885
866,0.173200,0.020328,0.182320,1.725951
867,0.173400,0.020322,0.182120,1.728011
868,0.173600,0.020316,0.181920,1.730074
869,0.173800,0.020311,0.181719,1.732136
870,0.174000,0.020305,0.181519,1.734201
871,0.174200,0.020300,0.181318,1.736264
872,0.174400,0.020294,0.181117,1.738323
873,0.174600,0.020289,0.180916,1.740388
874,0.174800,0.020284,0.180715,1.742455
875,0.175000,0.020278,0.180514,1.744522
876,0.175200,0.020273,0.180313,1.746591
877,0.175400,0.020268,0.180111,1.748654
878,0.175600,0.020263,0.179909,1.750717
879,0.175800,0.020257,0.179708,1.752779
880,0.176000,0.020252,0.179506,1.754851
881,0.176200,0.020247,0.179304,1.756917
882,0.176400,0.020242,0.179101,1.758981
883,0.176600,0.020237,0.178899,1.761047
884,0.176800,0.020232,0.178697,1.763111
885,0.177000,0.020228,0.178494,1.765169
886,0.177200,0.020223,0.178292,1.767231
887,0.177400,0.020218,0.178089,1.769292
888,0.177600,0.020213,0.177886,1.771352
889,0.177800,0.020208,0.177684,1.773417
890,0.178000,0.020204,0.177481,1.775486
891,0.178200,0.020199,0.177278,1.777561
892,0.178400,0.020195,0.177075,1.779639
893,0.178600,0.020190,0.176871,1.781710
894,0.178800,0.020186,0.176668,1.783771
895,0.179000,0.020181,0.176465,1.785825
896,0.179200,0.020177,0.176262,1.787883
897,0.179400,0.020172,0.176058,1.789934
898,0.179600,0.020168,0.175855,1.791985
899,0.179800,0.020164,0.175652,1.794029
900,0.180000,0.020159,0.175448,1.796069
901,0.180200,0.020155,0.175245,1.798110
902,0.180400,0.020151,0.175041,1.800152
903,0.180600,0.020147,0.174838,1.802197
904,0.180800,0.020142,0.174635,1.804261
905,0.181000,0.020138,0.174431,1.806330
906,0.181200,0.020134,0.174228,1.808396
907,0.181400,0.020130,0.174024,1.810457
908,0.181600,0.020126,0.173821,1.812510
909,0.181800,0.020122,0.173618,1.814560
910,0.182000,0.020118,0.173415,1.816606
911,0.182200,0.020114,0.173211,1.818660
912,0.182400,0.020110,0.173008,1.820718
913,0.182600,0.020106,0.172805,1.822779
914,0.182800,0.020102,0.172602,1.824833
915,0.183000,0.020099,0.172400,1.826883
916,0.183200,0.020095,0.172197,1.828931
917,0.183400,0.020091,0.171994,1.830986
918,0.183600,0.020088,0.171792,1.833040
919,0.183800,0.020084,0.171589,1.835075
920,0.184000,0.020080,0.171387,1.837106
921,0.184200,0.020077,0.171185,1.839134
922,0.184400,0.020073,0.170983,1.841153
923,0.184600,0.020070,0.170781,1.843174
924,0.184800,0.020066,0.170580,1.845193
925,0.185000,0.020063,0.170379,1.847213
926,0.185200,0.020060,0.170177,1.849241
927,0.185400,0.020056,0.169977,1.851272
928,0.185600,0.020053,0.169776,1.853302
929,0.185800,0.020050,0.169576,1.855341
930,0.186000,0.020047,0.169375,1.857381
931,0.186200,0.020043,0.169176,1.859410
932,0.186400,0.020040,0.168976,1.861436
933,0.186600,0.020037,0.168777,1.863461
934,0.186800,0.020034,0.168578,1.865477
935,0.187000,0.020031,0.168379,1.867501
936,0.187200,0.020028,0.168181,1.869513
937,0.187400,0.020025,0.167983,1.871521
938,0.187600,0.020022,0.167786,1.873524
939,0.187800,0.020019,0.167589,1.875527
940,0.188000,0.020016,0.167392,1.877533
941,0.188200,0.020013,0.167196,1.879529
942,0.188400,0.020010,0.167000,1.881503
943,0.188600,0.020007,0.166804,1.883478
944,0.188800,0.020004,0.166609,1.885442
945,0.189000,0.020002,0.166415,1.887403
946,0.189200,0.019999,0.166221,1.889357
947,0.189400,0.019996,0.166027,1.891307
948,0.189600,0.019993,0.165834,1.893265
949,0.189800,0.019990,0.165642,1.895225
950,0.190000,0.019988,0.165450,1.897194
951,0.190200,0.019985,0.165258,1.899156
952,0.190400,0.019982,0.165067,1.901105
953,0.190600,0.019980,0.164877,1.903050
954,0.190800,0.019977,0.164687,1.904991
955,0.191000,0.019974,0.164498,1.906924
956,0.191200,0.019972,0.164309,1.908852
957,0.191400,0.019969,0.164121,1.910764
958,0.191600,0.019967,0.163933,1.912685
959,0.191800,0.019964,0.163746,1.914595
960,0.192000,0.019961,0.163560,1.916502
961,0.192200,0.019959,0.163374,1.918399
962,0.192400,0.019956,0.163189,1.920283
963,0.192600,0.019954,0.163005,1.922162
964,0.192800,0.019952,0.162821,1.924028
965,0.193000,0.019949,0.162637,1.925878
966,0.193200,0.019947,0.162455,1.927712
967,0.193400,0.019944,0.162273,1.929546
968,0.193600,0.019942,0.162091,1.931387
969,0.193800,0.019940,0.161910,1.933222
970,0.194000,0.019937,0.161730,1.935070
971,0.194200,0.019935,0.161550,1.936913
972,0.194400,0.019933,0.161371,1.938737
973,0.194600,0.019930,0.161192,1.940579
974,0.194800,0.019928,0.161014,1.942424
975,0.195000,0.019926,0.160836,1.944263
976,0.195200,0.019924,0.160659,1.946121
977,0.195400,0.019921,0.160482,1.947988
978,0.195600,0.019919,0.160306,1.949860
979,0.195800,0.019917,0.160131,1.951742
980,0.196000,0.019915,0.159956,1.953608
981,0.196200,0.019913,0.159781,1.955452
982,0.196400,0.019911,0.159607,1.957279
983,0.196600,0.019909,0.159433,1.959091
984,0.196800,0.019907,0.159260,1.960902
985,0.197000,0.019905,0.159087,1.962708
986,0.197200,0.019902,0.158914,1.964504
987,0.197400,0.019900,0.158742,1.966290
988,0.197600,0.019898,0.158571,1.968062
989,0.197800,0.019896,0.158399,1.969833
990,0.198000,0.019894,0.158228,1.971621
991,0.198200,0.019892,0.158058,1.973424
992,0.198400,0.019890,0.157887,1.975221
993,0.198600,0.019888,0.157717,1.977019
994,0.198800,0.019886,0.157548,1.978818
995,0.199000,0.019884,0.157378,1.980610
996,0.199200,0.019882,0.157209,1.982401
997,0.199400,0.019880,0.157040,1.984200
998,0.199600,0.019878,0.156871,1.985998
999,0.199800,0.019876,0.156703,1.987803
1000,0.200000,0.019874,0.156534,1.989602
1001,0.200200,0.019872,0.156366,1.991418
1002,0.200400,0.019870,0.156199,1.993243
1003,0.200600,0.019868,0.156031,1.995052
1004,0.200800,0.019866,0.155863,1.996843
1005,0.201000,0.019864,0.155696,1.998629
1006,0.201200,0.019862,0.155529,2.000394
1007,0.201400,0.019860,0.155362,2.002144
1008,0.201600,0.019858,0.155195,2.003901
1009,0.201800,0.019856,0.155028,2.005664
1010,0.202000,0.019855,0.154861,2.007432
1011,0.202200,0.019853,0.154694,2.009207
1012,0.202400,0.019851,0.154528,2.010982
1013,0.202600,0.019849,0.154361,2.012743
1014,0.202800,0.019847,0.154195,2.014520
1015,0.203000,0.019845,0.154029,2.016339
1016,0.203200,0.019843,0.153863,2.018138
1017,0.203400,0.019841,0.153696,2.019917
1018,0.203600,0.019839,0.153530,2.021691
1019,0.203800,0.019837,0.153364,2.023446
1020,0.204000,0.019835,0.153198,2.025192
1021,0.204200,0.019833,0.153032,2.026960
1022,0.204400,0.019831,0.152866,2.028752
1023,0.204600,0.019829,0.152700,2.030532
1024,0.204800,0.019827,0.152535,2.032302
1025,0.205000,0.019826,0.152369,2.034065
1026,0.205200,0.019824,0.152203,2.035811
1027,0.205400,0.019822,0.152037,2.037552
1028,0.205600,0.019820,0.151872,2.039292
1029,0.205800,0.019818,0.151706,2.041033
1030,0.206000,0.019816,0.151540,2.042769
1031,0.206200,0.019814,0.151375,2.044513
1032,0.206400,0.019812,0.151209,2.046249
1033,0.206600,0.019810,0.151043,2.047979
1034,0.206800,0.019808,0.150878,2.049700
1035,0.207000,0.019806,0.150712,2.051401
1036,0.207200,0.019804,0.150547,2.053093
1037,0.207400,0.019802,0.150381,2.054788
1038,0.207600,0.019800,0.150216,2.056468
1039,0.207800,0.019798,0.150051,2.058154
1040,0.208000,0.019796,0.149885,2.059845
1041,0.208200,0.019794,0.149720,2.061541
1042,0.208400,0.019792,0.149555,2.063240
1043,0.208600,0.019790,0.149390,2.064935
1044,0.208800,0.019788,0.149225,2.066604
1045,0.209000,0.019786,0.149060,2.068252
1046,0.209200,0.019784,0.148895,2.069895
1047,0.209400,0.019782,0.148730,2.071529
1048,0.209600,0.019780,0.148565,2.073153
1049,0.209800,0.019778,0.148400,2.074765
1050,0.210000,0.019776,0.148236,2.076353
1051,0.210200,0.019774,0.148071,2.077948
1052,0.210400,0.019772,0.147907,2.079547
1053,0.210600,0.019770,0.147743,2.081151
1054,0.210800,0.019768,0.147579,2.082748
1055,0.211000,0.019766,0.147415,2.084323
1056,0.211200,0.019764,0.147251,2.085877
1057,0.211400,0.019762,0.147088,2.087437
1058,0.211600,0.019760,0.146924,2.089004
1059,0.211800,0.019758,0.146761,2.090557
1060,0.212000,0.019756,0.146598,2.092092
1061,0.212200,0.019754,0.146435,2.093609
1062,0.212400,0.019752,0.146272,2.095116
1063,0.212600,0.019750,0.146110,2.096594
1064,0.212800,0.019748,0.145947,2.098061
1065,0.213000,0.019746,0.145785,2.099528
1066,0.213200,0.019744,0.145623,2.100990
1067,0.213400,0.019742,0.145462,2.102434
1068,0.213600,0.019740,0.145300,2.103861
1069,0.213800,0.019738,0.145139,2.105250
1070,0.214000,0.019736,0.144978,2.106630
1071,0.214200,0.019734,0.144818,2.108005
1072,0.214400,0.019732,0.144657,2.109385
1073,0.214600,0.019730,0.144497,2.110769
1074,0.214800,0.019728,0.144337,2.112149
1075,0.215000,0.019726,0.144177,2.113530
1076,0.215200,0.019724,0.144018,2.114907
1077,0.215400,0.019722,0.143859,2.116263
1078,0.215600,0.019720,0.143700,2.117617
1079,0.215800,0.019718,0.143542,2.118966
1080,0.216000,0.019716,0.143384,2.120318
1081,0.216200,0.019714,0.143226,2.121674
1082,0.216400,0.019713,0.143068,2.123016
1083,0.216600,0.019711,0.142911,2.124336
1084,0.216800,0.019709,0.142754,2.125625
1085,0.217000,0.019707,0.142597,2.126892
1086,0.217200,0.019705,0.142440,2.128159
1087,0.217400,0.019703,0.142284,2.129408
1088,0.217600,0.019701,0.142128,2.130649
1089,0.217800,0.019700,0.141973,2.131882
1090,0.218000,0.019698,0.141818,2.133120
1091,0.218200,0.019696,0.141663,2.134369
1092,0.218400,0.019694,0.141508,2.135611
1093,0.218600,0.019692,0.141354,2.136840
1094,0.218800,0.019690,0.141200,2.138058
1095,0.219000,0.019689,0.141046,2.139259
1096,0.219200,0.019687,0.140893,2.140447
1097,0.219400,0.019685,0.140739,2.141639
1098,0.219600,0.019683,0.140587,2.142839
1099,0.219800,0.019681,0.140434,2.144030
1100,0.220000,0.019679,0.140282,2.145215
1101,0.220200,0.019678,0.140130,2.146384
1102,0.220400,0.019676,0.139978,2.147554
1103,0.220600,0.019674,0.139827,2.148732
1104,0.220800,0.019672,0.139676,2.149891
1105,0.221000,0.019670,0.139525,2.151006
1106,0.221200,0.019669,0.139375,2.152089
1107,0.221400,0.019667,0.139224,2.153165
1108,0.221600,0.019665,0.139074,2.154247
1109,0.221800,0.019663,0.138925,2.155356
1110,0.222000,0.019661,0.138775,2.156488
1111,0.222200,0.019660,0.138626,2.157623
1112,0.222400,0.019658,0.138477,2.158737
1113,0.222600,0.019656,0.138329,2.159826
1114,0.222800,0.019654,0.138180,2.160895
1115,0.223000,0.019653,0.138032,2.161972
1116,0.223200,0.019651,0.137884,2.163054
1117,0.223400,0.019649,0.137737,2.164130
1118,0.223600,0.019647,0.137589,2.165208
1119,0.223800,0.019645,0.137442,2.166281
1120,0.224000,0.019644,0.137295,2.167346
1121,0.224200,0.019642,0.137148,2.168406
1122,0.224400,0.019640,0.137002,2.169454
1123,0.224600,0.019638,0.136856,2.170501
1124,0.224800,0.019636,0.136710,2.171528
1125,0.225000,0.019635,0.136564,2.172535
1126,0.225200,0.019633,0.136419,2.173545
1127,0.225400,0.019631,0.136273,2.174571
1128,0.225600,0.019629,0.136128,2.175597
1129,0.225800,0.019628,0.135983,2.176626
1130,0.226000,0.019626,0.135838,2.177655
1131,0.226200,0.019624,0.135694,2.178679
1132,0.226400,0.019622,0.135549,2.179695
1133,0.226600,0.019620,0.135405,2.180707
1134,0.226800,0.019618,0.135261,2.181723
1135,0.227000,0.019617,0.135117,2.182739
1136,0.227200,0.019615,0.134974,2.183739
1137,0.227400,0.019613,0.134830,2.184735
1138,0.227600,0.019611,0.134687,2.185726
1139,0.227800,0.019609,0.134544,2.186683
1140,0.228000,0.019607,0.134401,2.187616
1141,0.228200,0.019606,0.134258,2.188560
1142,0.228400,0.019604,0.134116,2.189521
1143,0.228600,0.019602,0.133973,2.190488
1144,0.228800,0.019600,0.133831,2.191463
1145,0.229000,0.019598,0.133689,2.192440
1146,0.229200,0.019596,0.133547,2.193406
1147,0.229400,0.019594,0.133405,2.194358
1148,0.229600,0.019593,0.133263,2.195320
1149,0.229800,0.019591,0.133122,2.196295
1150,0.230000,0.019589,0.132981,2.197288
1151,0.230200,0.019587,0.132839,2.198285
1152,0.230400,0.019585,0.132698,2.199272
1153,0.230600,0.019583,0.132558,2.200228
1154,0.230800,0.019581,0.132417,2.201141
1155,0.231000,0.019579,0.132276,2.202017
1156,0.231200,0.019577,0.132136,2.202879
1157,0.231400,0.019575,0.131995,2.203747
1158,0.231600,0.019573,0.131855,2.204644
1159,0.231800,0.019571,0.131715,2.205558
1160,0.232000,0.019570,0.131575,2.206471
1161,0.232200,0.019568,0.131436,2.207380
1162,0.232400,0.019566,0.131296,2.208284
1163,0.232600,0.019564,0.131157,2.209166
1164,0.232800,0.019562,0.131017,2.210031
1165,0.233000,0.019560,0.130878,2.210906
1166,0.233200,0.019558,0.130739,2.211799
1167,0.233400,0.019556,0.130600,2.212718
1168,0.233600,0.019554,0.130462,2.213642
1169,0.233800,0.019552,0.130323,2.214549
1170,0.234000,0.019550,0.130185,2.215432
1171,0.234200,0.019548,0.130046,2.216300
1172,0.234400,0.019546,0.129908,2.217155
1173,0.234600,0.019544,0.129770,2.217992
1174,0.234800,0.019542,0.129632,2.218824
1175,0.235000,0.019540,0.129495,2.219639
1176,0.235200,0.019538,0.129357,2.220434
1177,0.235400,0.019536,0.129220,2.221212
1178,0.235600,0.019534,0.129083,2.221965
1179,0.235800,0.019532,0.128945,2.222719
1180,0.236000,0.019530,0.128808,2.223491
1181,0.236200,0.019528,0.128672,2.224279
1182,0.236400,0.019526,0.128535,2.225093
1183,0.236600,0.019524,0.128398,2.225908
1184,0.236800,0.019522,0.128262,2.226724
1185,0.237000,0.019520,0.128126,2.227537
1186,0.237200,0.019518,0.127990,2.228352
1187,0.237400,0.019516,0.127854,2.229178
1188,0.237600,0.019514,0.127718,2.230033
1189,0.237800,0.019512,0.127582,2.230892
1190,0.238000,0.019510,0.127447,2.231742
1191,0.238200,0.019508,0.127311,2.232580
1192,0.238400,0.019506,0.127176,2.233388
1193,0.238600,0.019504,0.127041,2.234164
1194,0.238800,0.019502,0.126906,2.234899
1195,0.239000,0.019499,0.126772,2.235596
1196,0.239200,0.019496,0.126637,2.236284
1197,0.239400,0.019493,0.126503,2.236945
1198,0.239600,0.019490,0.126368,2.237602
1199,0.239800,0.019487,0.126234,2.239240
1200,0.240000,0.019483,0.126100,2.246476
1201,0.240200,0.019480,0.125967,2.253474
1202,0.240400,0.019477,0.125833,2.260314
1203,0.240600,0.019474,0.125700,2.267040
1204,0.240800,0.019470,0.125566,2.273685
1205,0.241000,0.019467,0.125433,2.280255
1206,0.241200,0.019464,0.125300,2.286733
1207,0.241400,0.019461,0.125167,2.293123
1208,0.241600,0.019457,0.125035,2.301303
1209,0.241800,0.019454,0.124902,2.310488
1210,0.242000,0.019451,0.124770,2.319768
1211,0.242200,0.019447,0.124637,2.329155
1212,0.242400,0.019444,0.124505,2.338653
1213,0.242600,0.019441,0.124373,2.348235
1214,0.242800,0.019437,0.124242,2.357908
1215,0.243000,0.019434,0.124110,2.367652
1216,0.243200,0.019430,0.123979,2.377424
1217,0.243400,0.019427,0.123847,2.387199
1218,0.243600,0.019424,0.123716,2.396906
1219,0.243800,0.019420,0.123585,2.406490
1220,0.244000,0.019417,0.123455,2.415961
1221,0.244200,0.019413,0.123324,2.425359
1222,0.244400,0.019410,0.123193,2.434685
1223,0.244600,0.019406,0.123063,2.443967
1224,0.244800,0.019403,0.122933,2.453244
1225,0.245000,0.019399,0.122803,2.462470
1226,0.245200,0.019396,0.122673,2.471639
1227,0.245400,0.019392,0.122543,2.480743
1228,0.245600,0.019389,0.122414,2.489798
1229,0.245800,0.019385,0.122284,2.498794
1230,0.246000,0.019381,0.122155,2.507683
1231,0.246200,0.019378,0.122026,2.516439
1232,0.246400,0.019374,0.121897,2.525038
1233,0.246600,0.019371,0.121768,2.533475
1234,0.246800,0.019367,0.121639,2.541723
1235,0.247000,0.019363,0.121511,2.549775
1236,0.247200,0.019360,0.121382,2.557656
1237,0.247400,0.019356,0.121254,2.566734
1238,0.247600,0.019352,0.121126,2.578235
1239,0.247800,0.019348,0.120998,2.589510
1240,0.248000,0.019345,0.120870,2.600581
1241,0.248200,0.019341,0.120742,2.611506
1242,0.248400,0.019337,0.120615,2.622370
1243,0.248600,0.019333,0.120487,2.633196
1244,0.248800,0.019330,0.120360,2.643957
1245,0.249000,0.019326,0.120233,2.654620
1246,0.249200,0.019322,0.120106,2.665168
1247,0.249400,0.019318,0.119979,2.675588
1248,0.249600,0.019314,0.119852,2.685840
1249,0.249800,0.019311,0.119725,2.695854
1250,0.250000,0.019307,0.119599,2.706567
1251,0.250200,0.019303,0.119472,2.718994
1252,0.250400,0.019299,0.119346,2.731208
1253,0.250600,0.019295,0.119220,2.743093
1254,0.250800,0.019291,0.119094,2.754526
1255,0.251000,0.019287,0.118968,2.765497
1256,0.251200,0.019283,0.118843,2.776071
1257,0.251400,0.019279,0.118717,2.786333
1258,0.251600,0.019275,0.118592,2.796418
1259,0.251800,0.019272,0.118466,2.806414
1260,0.252000,0.019268,0.118341,2.816348
1261,0.252200,0.019264,0.118216,2.826202
1262,0.252400,0.019260,0.118091,2.835929
1263,0.252600,0.019256,0.117966,2.845485
1264,0.252800,0.019252,0.117842,2.854916
1265,0.253000,0.019248,0.117717,2.868075
1266,0.253200,0.019244,0.117593,2.883052
1267,0.253400,0.019240,0.117468,2.897756
1268,0.253600,0.019236,0.117344,2.912165
1269,0.253800,0.019232,0.117220,2.926274
1270,0.254000,0.019228,0.117096,2.940101
1271,0.254200,0.019224,0.116972,2.953847
1272,0.254400,0.019219,0.116849,2.967672
1273,0.254600,0.019215,0.116725,2.981602
1274,0.254800,0.019211,0.116602,2.995613
1275,0.255000,0.019207,0.116478,3.009640
1276,0.255200,0.019203,0.116355,3.023648
1277,0.255400,0.019199,0.116232,3.037573
1278,0.255600,0.019195,0.116109,3.051359
1279,0.255800,0.019191,0.115986,3.064903
1280,0.256000,0.019187,0.115864,3.078198
1281,0.256200,0.019183,0.115741,3.091225
1282,0.256400,0.019179,0.115619,3.103936
1283,0.256600,0.019175,0.115497,3.116232
1284,0.256800,0.019171,0.115374,3.128008
1285,0.257000,0.019166,0.115252,3.139358
1286,0.257200,0.019162,0.115131,3.150378
1287,0.257400,0.019158,0.115009,3.161206
1288,0.257600,0.019154,0.114887,3.172020
1289,0.257800,0.019150,0.114766,3.182943
1290,0.258000,0.019146,0.114644,3.194048
1291,0.258200,0.019142,0.114523,3.205331
1292,0.258400,0.019138,0.114402,3.216650
1293,0.258600,0.019134,0.114281,3.227875
1294,0.258800,0.019130,0.114160,3.238888
1295,0.259000,0.019125,0.114039,3.249509
1296,0.259200,0.019121,0.113919,3.259558
1297,0.259400,0.019117,0.113798,3.268882
1298,0.259600,0.019113,0.113678,3.277514
1299,0.259800,0.019109,0.113558,3.285585
1300,0.260000,0.019105,0.113438,3.293266
1301,0.260200,0.019101,0.113318,3.300798
1302,0.260400,0.019097,0.113198,3.308388
1303,0.260600,0.019093,0.113079,3.316118
1304,0.260800,0.019089,0.112959,3.323974
1305,0.261000,0.019084,0.112840,3.331873
1306,0.261200,0.019080,0.112721,3.339724
1307,0.261400,0.019076,0.112601,3.347428
1308,0.261600,0.019072,0.112483,3.354873
1309,0.261800,0.019068,0.112364,3.361893
1310,0.262000,0.019064,0.112245,3.369186
1311,0.262200,0.019060,0.112127,3.379451
1312,0.262400,0.019056,0.112008,3.389204
1313,0.262600,0.019052,0.111890,3.398878
1314,0.262800,0.019048,0.111772,3.408698
1315,0.263000,0.019044,0.111654,3.418692
1316,0.263200,0.019040,0.111536,3.428729
1317,0.263400,0.019036,0.111419,3.438625
1318,0.263600,0.019032,0.111301,3.448209
1319,0.263800,0.019028,0.111184,3.457363
1320,0.264000,0.019024,0.111067,3.466025
1321,0.264200,0.019020,0.110950,3.474096
1322,0.264400,0.019016,0.110833,3.484615
1323,0.264600,0.019012,0.110716,3.495539
1324,0.264800,0.019008,0.110599,3.505949
1325,0.265000,0.019004,0.110483,3.515904
1326,0.265200,0.019000,0.110367,3.526750
1327,0.265400,0.018996,0.110251,3.539329
1328,0.265600,0.018993,0.110135,3.551864
1329,0.265800,0.018989,0.110019,3.564272
1330,0.266000,0.018985,0.109903,3.576385
1331,0.266200,0.018981,0.109788,3.587961
1332,0.266400,0.018977,0.109672,3.598995
1333,0.266600,0.018973,0.109557,3.609447
1334,0.266800,0.018969,0.109442,3.619223
1335,0.267000,0.018965,0.109327,3.628540
1336,0.267200,0.018962,0.109213,3.637598
1337,0.267400,0.018958,0.109098,3.646516
1338,0.267600,0.018954,0.108984,3.655285
1339,0.267800,0.018950,0.108869,3.663922
1340,0.268000,0.018946,0.108755,3.672473
1341,0.268200,0.018943,0.108642,3.680927
1342,0.268400,0.018939,0.108528,3.689087
1343,0.268600,0.018935,0.108414,3.696820
1344,0.268800,0.018931,0.108301,3.704146
1345,0.269000,0.018928,0.108188,3.710732
1346,0.269200,0.018924,0.108075,3.718167
1347,0.269400,0.018920,0.107962,3.726450
1348,0.269600,0.018917,0.107849,3.734403
1349,0.269800,0.018913,0.107736,3.742026
1350,0.270000,0.018909,0.107624,3.750137
1351,0.270200,0.018905,0.107512,3.759912
1352,0.270400,0.018902,0.107400,3.769508
1353,0.270600,0.018898,0.107288,3.778914
1354,0.270800,0.018895,0.107176,3.788027
1355,0.271000,0.018891,0.107065,3.796811
1356,0.271200,0.018887,0.106953,3.805249
1357,0.271400,0.018884,0.106842,3.813255
1358,0.271600,0.018880,0.106731,3.820943
1359,0.271800,0.018877,0.106620,3.828349
1360,0.272000,0.018873,0.106509,3.835398
1361,0.272200,0.018869,0.106399,3.842042
1362,0.272400,0.018866,0.106288,3.848276
1363,0.272600,0.018862,0.106178,3.854162
1364,0.272800,0.018859,0.106068,3.859908
1365,0.273000,0.018855,0.105958,3.865513
1366,0.273200,0.018852,0.105849,3.870907
1367,0.273400,0.018848,0.105739,3.876003
1368,0.273600,0.018845,0.105630,3.880795
1369,0.273800,0.018841,0.105521,3.885332
1370,0.274000,0.018838,0.105412,3.889577
1371,0.274200,0.018834,0.105303,3.899328
1372,0.274400,0.018831,0.105195,3.908914
1373,0.274600,0.018828,0.105086,3.918284
1374,0.274800,0.018824,0.104978,3.927509
1375,0.275000,0.018821,0.104870,3.936390
1376,0.275200,0.018817,0.104762,3.944860
1377,0.275400,0.018814,0.104654,3.953087
1378,0.275600,0.018811,0.104547,3.961182
1379,0.275800,0.018807,0.104439,3.969226
1380,0.276000,0.018804,0.104332,3.977181
1381,0.276200,0.018801,0.104225,3.984640
1382,0.276400,0.018797,0.104118,3.991446
1383,0.276600,0.018794,0.104012,3.997637
1384,0.276800,0.018791,0.103905,4.003539
1385,0.277000,0.018787,0.103799,4.009148
1386,0.277200,0.018784,0.103693,4.014350
1387,0.277400,0.018781,0.103587,4.019128
1388,0.277600,0.018778,0.103481,4.023572
1389,0.277800,0.018774,0.103376,4.027893
1390,0.278000,0.018771,0.103270,4.032347
1391,0.278200,0.018768,0.103165,4.036595
1392,0.278400,0.018765,0.103060,4.040356
1393,0.278600,0.018761,0.102955,4.045414
1394,0.278800,0.018758,0.102851,4.051424
1395,0.279000,0.018755,0.102746,4.057447
1396,0.279200,0.018752,0.102642,4.063380
1397,0.279400,0.018749,0.102538,4.069000
1398,0.279600,0.018746,0.102434,4.074198
1399,0.279800,0.018743,0.102330,4.078890
1400,0.280000,0.018739,0.102227,4.083975
1401,0.280200,0.018736,0.102123,4.090903
1402,0.280400,0.018733,0.102020,4.097721
1403,0.280600,0.018730,0.101917,4.104471
1404,0.280800,0.018727,0.101814,4.110728
1405,0.281000,0.018724,0.101712,4.116156
1406,0.281200,0.018721,0.101609,4.121102
1407,0.281400,0.018718,0.101507,4.125812
1408,0.281600,0.018715,0.101405,4.130410
1409,0.281800,0.018712,0.101303,4.134954
1410,0.282000,0.018709,0.101201,4.139380
1411,0.282200,0.018706,0.101100,4.143661
1412,0.282400,0.018703,0.100999,4.147909
1413,0.282600,0.018700,0.100897,4.152148
1414,0.282800,0.018697,0.100796,4.156060
1415,0.283000,0.018694,0.100696,4.159267
1416,0.283200,0.018691,0.100595,4.162030
1417,0.283400,0.018688,0.100495,4.164513
1418,0.283600,0.018686,0.100395,4.169272
1419,0.283800,0.018683,0.100295,4.174237
1420,0.284000,0.018680,0.100195,4.178953
1421,0.284200,0.018677,0.100095,4.183391
1422,0.284400,0.018674,0.099996,4.187554
1423,0.284600,0.018671,0.099896,4.191583
1424,0.284800,0.018668,0.099797,4.195571
1425,0.285000,0.018666,0.099698,4.199503
1426,0.285200,0.018663,0.099600,4.203314
1427,0.285400,0.018660,0.099501,4.206960
1428,0.285600,0.018657,0.099403,4.210327
1429,0.285800,0.018654,0.099305,4.213400
1430,0.286000,0.018652,0.099207,4.216217
1431,0.286200,0.018649,0.099109,4.218794
1432,0.286400,0.018646,0.099011,4.221140
1433,0.286600,0.018644,0.098914,4.223338
1434,0.286800,0.018641,0.098817,4.225460
1435,0.287000,0.018638,0.098720,4.228899
1436,0.287200,0.018636,0.098623,4.232429
1437,0.287400,0.018633,0.098526,4.235610
1438,0.287600,0.018630,0.098430,4.238278
1439,0.287800,0.018628,0.098333,4.240710
1440,0.288000,0.018625,0.098237,4.243116
1441,0.288200,0.018622,0.098141,4.245448
1442,0.288400,0.018620,0.098046,4.250265
1443,0.288600,0.018617,0.097950,4.255135
1444,0.288800,0.018615,0.097855,4.259775
1445,0.289000,0.018612,0.097760,4.264082
1446,0.289200,0.018610,0.097665,4.268143
1447,0.289400,0.018607,0.097570,4.272074
1448,0.289600,0.018605,0.097475,4.275933
1449,0.289800,0.018602,0.097381,4.279754
1450,0.290000,0.018600,0.097287,4.283559
